guideline,c_category,decidability,scope,rationale,applicability_rust_general,applicability_safe_rust,rust_category
D.1.1,Required,n/a,n/a,IDB,Yes,Yes,Required
D.1.2,Advisory,n/a,n/a,IDB,Yes,Yes,Required
D.2.1,Required,n/a,n/a,"UB,CQ,DC",Yes,Yes,Required
D.3.1,Required,n/a,n/a,CQ,Yes,Yes,Required
D.4.1,Required,n/a,n/a,"UB,CQ",Yes,Yes,Required
D.4.2,Advisory,n/a,n/a,"IDB,CQ",Yes,No,Required
D.4.3,Required,n/a,n/a,"DC,CQ",Yes,No,Advisory
D.4.4,Advisory,n/a,n/a,DC,Yes,Yes,Advisory
D.4.5,Advisory,n/a,n/a,DC,Yes,Yes,Advisory
D.4.6,Advisory,n/a,n/a,DC,No,No,n/a
D.4.7,Required,n/a,n/a,DC,Yes,Yes,Advisory
D.4.8,Advisory,n/a,n/a,DC,No,No,n/a
D.4.9,Advisory,n/a,n/a,"DC,CQ",Yes,Yes,Advisory
D.4.10,Required,n/a,n/a,"UB,DC",No,No,n/a
D.4.11,Required,n/a,n/a,"UB,IDB",Yes,Yes,Advisory
D.4.12,Required,n/a,n/a,"UB,CQ",Yes,Yes,Advisory
D.4.13,Advisory,n/a,n/a,"UB,DC",Yes,Yes,Required
D.4.14,Required,n/a,n/a,"UB,CQ",Yes,Yes,Required
D.4.15,Required,n/a,n/a,"UB,IDB,DC",Yes,Yes,Required
D.5.1,Required,n/a,n/a,UB,Yes,Partial,Required
D.5.2,Required,n/a,n/a,UB,Yes,Yes,Required
D.5.3,Required,n/a,n/a,"UB,DC",Yes,Yes,Required
R.1.1,Required,Decidable,STU,"UB,IDB",Yes,Partial,Required
R.1.3,Required,Undecidable,System,"UB,IDB",Yes,Yes,Required
R.1.4,Required,Decidable,STU,"UB,DC",No,No,n/a
R.1.5,Required,Undecidable,System,"UB,IDB,DC",Yes,Yes,Required
R.2.1,Required,Undecidable,System,DC,Yes,Yes,Advisory
R.2.2,Required,Undecidable,System,DC,Yes,Yes,Required
R.2.3,Advisory,Decidable,System,DC,Yes,Yes,Advisory
R.2.4,Advisory,Decidable,System,DC,No,No,n/a
R.2.5,Advisory,Decidable,System,DC,Yes,Yes,Advisory
R.2.6,Advisory,Decidable,STU,DC,Yes,Yes,Advisory
R.2.7,Advisory,Decidable,STU,DC,Yes,Yes,Advisory
R.2.8,Advisory,Decidable,System,DC,Yes,Yes,Advisory
R.3.1,Required,Decidable,STU,DC,Yes,Yes,Advisory
R.3.2,Required,Decidable,STU,DC,No,No,n/a
R.4.1,Required,Decidable,STU,"DC,IDB",No,No,n/a
R.4.2,Advisory,Decidable,STU,DC,No,No,n/a
R.5.1,Required,Decidable,System,"UB,IDB,DC",Yes,Partial,Required
R.5.2,Required,Decidable,STU,"UB,IDB,CQ",Yes,Yes,Required
R.5.3,Required,Decidable,STU,DC,Yes,Yes,Advisory
R.5.4,Required,Decidable,STU,"UB,IDB,DC",No,No,n/a
R.5.5,Required,Decidable,STU,"UB,IDB,DC",Partial,Partial,Advisory
R.5.6,Required,Decidable,System,DC,Yes,Yes,Advisory
R.5.7,Required,Decidable,System,"UB,DC",No,No,n/a
R.5.8,Required,Decidable,System,DC,Yes,Yes,Advisory
R.5.9,Advisory,Decidable,System,DC,Yes,Yes,Advisory
R.5.10,Required,Decidable,STU,"UB,DC",Yes,Partial,Advisory
R.6.1,Required,Decidable,STU,"UB,IDB",No,No,n/a
R.6.2,Required,Decidable,STU,DC,No,No,n/a
R.6.3,Required,Decidable,STU,IDB,No,No,n/a
R.7.1,Required,Decidable,STU,DC,Yes,Yes,Advisory
R.7.2,Required,Decidable,STU,DC,Yes,Yes,Advisory
R.7.3,Required,Decidable,STU,DC,No,No,n/a
R.7.4,Required,Decidable,STU,UB,No,No,n/a
R.7.5,Mandatory,Decidable,STU,UB,No,No,n/a
R.7.6,Required,Decidable,STU,DC,No,No,n/a
R.8.1,Required,Decidable,STU,DC,No,No,n/a
R.8.2,Required,Decidable,STU,"UB,DC",No,No,n/a
R.8.3,Required,Decidable,System,"UB,DC",Yes,No,Required
R.8.4,Required,Decidable,STU,UB,No,No,n/a
R.8.5,Required,Decidable,System,DC,Yes,No,Advisory
R.8.6,Required,Decidable,System,UB,Yes,No,Required
R.8.7,Advisory,Decidable,System,DC,Yes,Yes,Advisory
R.8.8,Required,Decidable,STU,DC,No,No,n/a
R.8.9,Advisory,Decidable,System,DC,Yes,Yes,Advisory
R.8.10,Required,Decidable,STU,"UB,DC",No,No,n/a
R.8.11,Advisory,Decidable,STU,DC,No,No,n/a
R.8.12,Required,Decidable,STU,DC,No,No,n/a
R.8.13,Advisory,Undecidable,System,DC,Yes,Yes,Advisory
R.8.14,Required,Decidable,STU,UB,No,No,n/a
R.8.15,Required,Decidable,System,UB,Yes,No,Required
R.8.16,Advisory,Decidable,STU,DC,No,No,n/a
R.8.17,Advisory,Decidable,STU,DC,Partial,Partial,Advisory
R.8.18,Required,Decidable,STU,"UB,DC",No,No,n/a
R.8.19,Advisory,Decidable,STU,"UB,DC",No,No,n/a
R.9.1,Mandatory,Undecidable,System,UB,Yes,Yes,Required
R.9.2,Required,Decidable,STU,"UB,CQ,DC",No,No,n/a
R.9.3,Required,Decidable,STU,UB,No,No,n/a
R.9.4,Required,Decidable,STU,DC,Yes,Yes,Required
R.9.5,Required,Decidable,STU,"IDB,DC",No,No,n/a
R.9.6,Required,Decidable,STU,DC,No,No,n/a
R.9.7,Mandatory,Undecidable,System,UB,Yes,No,Required
R.10.1,Required,Decidable,STU,"UB,IDB,DC",No,No,n/a
R.10.2,Required,Decidable,STU,DC,No,No,n/a
R.10.3,Required,Decidable,STU,"UB,IDB",No,No,n/a
R.10.4,Required,Decidable,STU,IDB,No,No,n/a
R.10.5,Advisory,Decidable,STU,DC,Yes,Partial,Advisory
R.10.6,Required,Decidable,STU,DC,No,No,n/a
R.10.7,Required,Decidable,STU,DC,No,No,n/a
R.10.8,Required,Decidable,STU,DC,Yes,Partial,Advisory
R.11.1,Required,Decidable,STU,"UB,IDB",Yes,Partial,Required
R.11.2,Required,Decidable,STU,UB,Yes,No,Required
R.11.3,Required,Decidable,STU,UB,Yes,Yes,Required
R.11.4,Advisory,Decidable,STU,"UB,IDB",Yes,Yes,Required
R.11.5,Advisory,Decidable,STU,UB,Yes,No,Required
R.11.6,Required,Decidable,STU,"UB,IDB",Yes,No,Advisory
R.11.8,Required,Decidable,STU,UB,Yes,Partial,Required
R.11.9,Required,Decidable,STU,DC,No,No,n/a
R.11.10,Required,Decidable,STU,UB,No,No,n/a
R.11.11,Advisory,Decidable,STU,DC,Yes,Yes,Required
R.12.1,Advisory,Decidable,STU,DC,Yes,Yes,Advisory
R.12.2,Required,Undecidable,System,"UB,DC",Yes,Partial,Advisory
R.12.3,Advisory,Decidable,STU,DC,No,No,n/a
R.12.4,Advisory,Decidable,STU,DC,Yes,No,Advisory
R.12.5,Mandatory,Decidable,STU,DC,No,No,n/a
R.12.6,Required,Decidable,STU,UB,No,No,n/a
R.13.1,Required,Undecidable,System,UB,Yes,Yes,Advisory
R.13.2,Required,Undecidable,System,UB,No,No,n/a
R.13.3,Advisory,Decidable,STU,"UB,DC",No,No,n/a
R.13.4,Advisory,Decidable,STU,"UB,DC",No,No,n/a
R.13.5,Required,Undecidable,System,DC,Yes,Yes,Advisory
R.13.6,Required,Decidable,STU,"UB,DC",No,No,n/a
R.14.1,Required,Undecidable,System,DC,Yes,Partial,Required
R.14.2,Required,Undecidable,System,DC,No,No,n/a
R.14.3,Required,Undecidable,System,DC,Yes,Yes,Required
R.14.4,Required,Decidable,STU,DC,Yes,Yes,Required
R.15.1,Advisory,Decidable,STU,DC,No,No,n/a
R.15.2,Required,Decidable,STU,DC,No,No,n/a
R.15.3,Required,Decidable,STU,DC,No,No,n/a
R.15.4,Advisory,Decidable,STU,DC,Yes,Yes,Advisory
R.15.5,Advisory,Decidable,STU,DC,Yes,Yes,Disapplied
R.15.6,Required,Decidable,STU,DC,No,No,n/a
R.15.7,Required,Decidable,STU,DC,Yes,Yes,Advisory
R.16.1,Required,Decidable,STU,DC,No,No,n/a
R.16.2,Required,Decidable,STU,DC,No,No,n/a
R.16.3,Required,Decidable,STU,DC,No,No,n/a
R.16.4,Required,Decidable,STU,DC,No,No,n/a
R.16.5,Required,Decidable,STU,DC,No,No,n/a
R.16.6,Required,Decidable,STU,DC,No,No,n/a
R.16.7,Required,Decidable,STU,DC,No,No,n/a
R.17.1,Required,Decidable,STU,UB,No,No,n/a
R.17.2,Required,Undecidable,System,"UB,DC",Yes,Yes,Required
R.17.3,Mandatory,Decidable,STU,UB,No,No,n/a
R.17.4,Mandatory,Decidable,STU,UB,No,No,n/a
R.17.5,Required,Undecidable,System,"UB,DC",No,No,n/a
R.17.7,Required,Decidable,STU,DC,Yes,Yes,Required
R.17.8,Advisory,Undecidable,System,DC,Yes,Yes,Disapplied
R.17.9,Mandatory,Undecidable,System,UB,Yes,No,Required
R.17.10,Required,Decidable,STU,DC,No,No,n/a
R.17.11,Advisory,Undecidable,System,DC,Yes,Yes,Advisory
R.17.12,Advisory,Decidable,STU,DC,No,No,n/a
R.17.13,Required,Decidable,STU,UB,No,No,n/a
R.18.1,Required,Undecidable,System,UB,Yes,No,Required
R.18.2,Required,Undecidable,System,UB,Yes,No,Required
R.18.3,Required,Undecidable,System,UB,Yes,Yes,Required
R.18.4,Advisory,Decidable,STU,DC,Yes,No,Advisory
R.18.5,Advisory,Decidable,STU,DC,Yes,Yes,Advisory
R.18.6,Required,Undecidable,System,UB,Yes,No,Required
R.18.7,Required,Decidable,STU,"UB,DC",No,No,n/a
R.18.8,Required,Decidable,STU,"UB,DC",No,No,n/a
R.18.9,Required,Decidable,STU,UB,No,No,n/a
R.18.10,Mandatory,Decidable,STU,UB,No,No,n/a
R.19.1,Mandatory,Undecidable,System,UB,Yes,No,Required
R.19.2,Advisory,Decidable,STU,"UB,DC",Yes,Yes,Advisory
R.19.3,Required,Undecidable,System,UB,Yes,Yes,Required
R.20.1,Advisory,Decidable,STU,UB,No,No,n/a
R.20.2,Required,Decidable,STU,UB,No,No,n/a
R.20.3,Required,Decidable,STU,UB,No,No,n/a
R.20.4,Required,Decidable,STU,UB,Partial,Partial,Required
R.20.5,Advisory,Decidable,STU,DC,No,No,n/a
R.20.6,Required,Decidable,STU,UB,No,No,n/a
R.20.7,Required,Decidable,STU,DC,Partial,Partial,Advisory
R.20.8,Required,Decidable,STU,DC,No,No,n/a
R.20.9,Required,Decidable,STU,DC,No,No,n/a
R.20.10,Advisory,Decidable,STU,UB,No,No,n/a
R.20.11,Required,Decidable,STU,UB,No,No,n/a
R.20.12,Required,Decidable,STU,DC,No,No,n/a
R.20.13,Required,Decidable,STU,DC,No,No,n/a
R.20.14,Required,Decidable,STU,DC,No,No,n/a
R.20.15,Required,Decidable,STU,UB,No,No,n/a
R.21.3,Required,Decidable,STU,"UB,IDB",Yes,No,Required
R.21.4,Required,Decidable,STU,UB,Yes,No,Required
R.21.5,Required,Decidable,STU,"UB,IDB",Yes,No,Required
R.21.6,Required,Decidable,STU,"UB,IDB",Yes,No,Required
R.21.7,Required,Decidable,STU,UB,Yes,No,Required
R.21.8,Required,Decidable,STU,"UB,IDB",Yes,No,Required
R.21.9,Required,Decidable,STU,UB,Yes,No,Required
R.21.10,Required,Decidable,STU,"UB,IDB",Yes,No,Required
R.21.11,Advisory,Decidable,STU,UB,No,No,n/a
R.21.12,Required,Decidable,STU,"UB,IDB",Yes,No,Required
R.21.13,Mandatory,Undecidable,System,UB,Yes,No,Required
R.21.14,Required,Undecidable,System,DC,Yes,No,Required
R.21.15,Required,Decidable,STU,DC,Yes,No,Required
R.21.16,Required,Decidable,STU,UB,Yes,No,Required
R.21.17,Mandatory,Undecidable,System,UB,Yes,No,Required
R.21.18,Mandatory,Undecidable,System,UB,Yes,No,Required
R.21.19,Mandatory,Undecidable,System,UB,Yes,No,Required
R.21.20,Mandatory,Undecidable,System,"IDB,DC",Yes,No,Required
R.21.21,Required,Decidable,STU,"UB,IDB",Yes,No,Required
R.21.22,Mandatory,Decidable,STU,UB,No,No,n/a
R.21.23,Required,Decidable,STU,DC,No,No,n/a
R.21.24,Required,Decidable,STU,CQ,Yes,No,Required
R.21.25,Required,Decidable,STU,UB,Yes,Yes,Required
R.21.26,Required,Undecidable,System,UB,Yes,No,Required
R.22.1,Required,Undecidable,System,"UB,CQ",Yes,No,Required
R.22.2,Mandatory,Undecidable,System,UB,Yes,No,Required
R.22.3,Required,Undecidable,System,"UB,IDB",Yes,No,Required
R.22.4,Mandatory,Undecidable,System,UB,Yes,No,Required
R.22.5,Mandatory,Undecidable,System,IDB,Yes,No,Required
R.22.6,Mandatory,Undecidable,System,UB,Yes,No,Required
R.22.7,Required,Undecidable,System,DC,Yes,No,Required
R.22.8,Required,Undecidable,System,DC,Yes,No,Disapplied
R.22.9,Required,Undecidable,System,DC,Yes,No,Disapplied
R.22.10,Required,Undecidable,System,DC,Yes,No,Disapplied
R.22.11,Required,Undecidable,System,UB,Yes,Partial,Required
R.22.12,Mandatory,Undecidable,System,UB,Yes,No,Required
R.22.13,Required,Decidable,STU,"UB,DC",Yes,Yes,Required
R.22.14,Mandatory,Undecidable,System,UB,Yes,Partial,Required
R.22.15,Required,Undecidable,System,UB,Yes,Partial,Required
R.22.16,Required,Undecidable,System,UB,Yes,No,Required
R.22.17,Required,Undecidable,System,UB,Yes,No,Required
R.22.18,Required,Undecidable,System,UB,Yes,Yes,Required
R.22.19,Required,Undecidable,System,UB,Yes,Yes,Required
R.22.20,Mandatory,Undecidable,System,UB,Yes,Partial,Required
R.23.1,Advisory,Decidable,STU,DC,No,No,n/a
R.23.2,Required,Decidable,STU,DC,No,No,n/a
R.23.3,Advisory,Decidable,STU,DC,No,No,n/a
R.23.4,Required,Decidable,STU,DC,No,No,n/a
R.23.5,Advisory,Decidable,STU,DC,No,No,n/a
R.23.6,Required,Decidable,STU,DC,No,No,n/a
R.23.7,Advisory,Decidable,STU,DC,No,No,n/a
R.23.8,Required,Decidable,STU,DC,No,No,n/a
